date,Open,High,Low,Close,Adj Close,Volume
2023-12-12 09:15:00,47421.69921875,47454.0,47357.0,47374.8515625,47374.8515625,0
2023-12-12 09:30:00,47373.3984375,47400.0,47347.0,47359.55078125,47359.55078125,0
2023-12-12 09:45:00,47359.19921875,47377.3984375,47322.80078125,47328.6015625,47328.6015625,0
2023-12-12 10:00:00,47327.69921875,47353.5,47227.94921875,47243.05078125,47243.05078125,0
2023-12-12 10:15:00,47243.55078125,47247.0,47162.19921875,47244.05078125,47244.05078125,0
2023-12-12 10:30:00,47236.05078125,47285.69921875,47224.6484375,47270.3515625,47270.3515625,0
2023-12-12 10:45:00,47270.6015625,47312.3515625,47254.25,47297.19921875,47297.19921875,0
2023-12-12 11:00:00,47297.94921875,47347.3515625,47291.8515625,47339.1484375,47339.1484375,0
2023-12-12 11:15:00,47340.05078125,47345.30078125,47262.6484375,47277.5,47277.5,0
2023-12-12 11:30:00,47281.1484375,47305.69921875,47256.80078125,47269.5,47269.5,0
2023-12-12 11:45:00,47269.1484375,47292.1484375,47252.1484375,47278.44921875,47278.44921875,0
2023-12-12 12:00:00,47278.05078125,47311.6484375,47276.25,47293.6015625,47293.6015625,0
2023-12-12 12:15:00,47293.8515625,47312.5,47267.8515625,47282.05078125,47282.05078125,0
2023-12-12 12:30:00,47281.6015625,47290.3984375,47237.6015625,47242.8984375,47242.8984375,0
2023-12-12 12:45:00,47242.44921875,47246.8515625,47201.44921875,47212.8515625,47212.8515625,0
2023-12-12 13:00:00,47213.94921875,47227.44921875,47176.8515625,47198.25,47198.25,0
2023-12-12 13:15:00,47202.1484375,47220.69921875,47182.5,47208.69921875,47208.69921875,0
2023-12-12 13:30:00,47215.0,47238.19921875,47198.25,47237.94921875,47237.94921875,0
2023-12-12 13:45:00,47232.0,47243.44921875,47164.05078125,47170.8515625,47170.8515625,0
2023-12-12 14:00:00,47162.05078125,47198.44921875,47118.80078125,47123.5,47123.5,0
2023-12-12 14:15:00,47124.3515625,47167.44921875,47108.0,47139.3515625,47139.3515625,0
2023-12-12 14:30:00,47137.19921875,47190.44921875,47121.25,47130.80078125,47130.80078125,0
2023-12-12 14:45:00,47128.80078125,47143.19921875,47078.55078125,47141.6015625,47141.6015625,0
2023-12-12 15:00:00,47138.69921875,47150.69921875,47087.8515625,47094.8984375,47094.8984375,0
2023-12-12 15:15:00,47094.3515625,47122.44921875,47025.6484375,47063.80078125,47063.80078125,0
2023-12-13 09:15:00,47190.75,47191.69921875,46964.25,47030.1015625,47030.1015625,0
2023-12-13 09:30:00,47033.19921875,47038.8515625,46926.25,46991.75,46991.75,0
2023-12-13 09:45:00,46985.19921875,47024.94921875,46900.80078125,46905.6484375,46905.6484375,0
2023-12-13 10:00:00,46904.44921875,46970.1015625,46888.6015625,46963.80078125,46963.80078125,0
2023-12-13 10:15:00,46964.19921875,46964.19921875,46909.25,46939.94921875,46939.94921875,0
2023-12-13 10:30:00,46941.25,46985.0,46917.44921875,46984.25,46984.25,0
2023-12-13 10:45:00,46977.0,47019.5,46949.1484375,47005.55078125,47005.55078125,0
2023-12-13 11:00:00,47003.80078125,47042.1484375,46988.44921875,47012.0,47012.0,0
2023-12-13 11:15:00,47014.3984375,47018.19921875,46957.1484375,46971.3984375,46971.3984375,0
2023-12-13 11:30:00,46973.0,46983.5,46944.0,46972.75,46972.75,0
2023-12-13 11:45:00,46974.30078125,46991.0,46960.69921875,46969.8515625,46969.8515625,0
2023-12-13 12:00:00,46972.1484375,47000.5,46960.8515625,46973.75,46973.75,0
2023-12-13 12:15:00,46974.5,46981.1015625,46944.44921875,46956.80078125,46956.80078125,0
2023-12-13 12:30:00,46957.69921875,46997.8984375,46934.3984375,46985.3515625,46985.3515625,0
2023-12-13 12:45:00,46986.80078125,47100.1484375,46986.1484375,47097.55078125,47097.55078125,0
2023-12-13 13:00:00,47099.0,47126.1015625,47073.75,47089.6484375,47089.6484375,0
2023-12-13 13:15:00,47091.30078125,47159.55078125,47045.6015625,47059.5,47059.5,0
2023-12-13 13:30:00,47059.80078125,47125.0,47049.8515625,47109.3984375,47109.3984375,0
2023-12-13 13:45:00,47110.44921875,47121.44921875,47066.80078125,47097.8515625,47097.8515625,0
2023-12-13 14:00:00,47097.0,47150.80078125,47076.6484375,47098.1484375,47098.1484375,0
2023-12-13 14:15:00,47098.3515625,47106.8515625,47047.69921875,47079.19921875,47079.19921875,0
2023-12-13 14:30:00,47079.69921875,47094.0,47001.05078125,47005.19921875,47005.19921875,0
2023-12-13 14:45:00,47005.30078125,47080.0,47002.0,47066.55078125,47066.55078125,0
2023-12-13 15:00:00,47065.3515625,47134.6484375,47061.05078125,47080.30078125,47080.30078125,0
2023-12-13 15:15:00,47083.30078125,47145.80078125,47054.80078125,47113.30078125,47113.30078125,0
2023-12-14 09:15:00,47567.6484375,47749.3984375,47524.75,47680.1484375,47680.1484375,0
2023-12-14 09:30:00,47683.94921875,47712.6484375,47624.6484375,47681.8984375,47681.8984375,0
2023-12-14 09:45:00,47680.25,47931.1484375,47667.75,47930.5,47930.5,0
2023-12-14 10:00:00,47931.3984375,47942.3515625,47866.25,47890.19921875,47890.19921875,0
2023-12-14 10:15:00,47890.1015625,47896.5,47774.3515625,47827.25,47827.25,0
2023-12-14 10:30:00,47829.0,47833.55078125,47739.05078125,47773.19921875,47773.19921875,0
2023-12-14 10:45:00,47780.0,47839.3515625,47780.0,47831.30078125,47831.30078125,0
2023-12-14 11:00:00,47823.55078125,47848.1484375,47812.94921875,47836.69921875,47836.69921875,0
2023-12-14 11:15:00,47839.1484375,47862.25,47762.75,47772.94921875,47772.94921875,0
2023-12-14 11:30:00,47778.05078125,47819.3515625,47769.0,47806.80078125,47806.80078125,0
2023-12-14 11:45:00,47809.3984375,47812.80078125,47756.44921875,47787.25,47787.25,0
2023-12-14 12:00:00,47784.0,47823.3984375,47756.25,47763.3984375,47763.3984375,0
2023-12-14 12:15:00,47761.6484375,47790.6015625,47732.30078125,47775.3984375,47775.3984375,0
2023-12-14 12:30:00,47777.0,47779.5,47747.5,47761.1484375,47761.1484375,0
2023-12-14 12:45:00,47758.19921875,47796.44921875,47750.44921875,47792.69921875,47792.69921875,0
2023-12-14 13:00:00,47794.5,47855.3984375,47786.80078125,47829.80078125,47829.80078125,0
2023-12-14 13:15:00,47830.6484375,47874.8515625,47803.75,47859.30078125,47859.30078125,0
2023-12-14 13:30:00,47859.5,47881.69921875,47834.25,47867.3984375,47867.3984375,0
2023-12-14 13:45:00,47865.8984375,47867.3984375,47800.19921875,47846.30078125,47846.30078125,0
2023-12-14 14:00:00,47846.3984375,47847.19921875,47761.75,47810.3984375,47810.3984375,0
2023-12-14 14:15:00,47806.5,47815.3515625,47785.30078125,47799.94921875,47799.94921875,0
2023-12-14 14:30:00,47799.05078125,47810.69921875,47750.1015625,47783.44921875,47783.44921875,0
2023-12-14 14:45:00,47781.05078125,47785.0,47657.6015625,47697.1015625,47697.1015625,0
2023-12-14 15:00:00,47695.8515625,47735.69921875,47682.3515625,47712.0,47712.0,0
2023-12-14 15:15:00,47713.0,47794.3515625,47705.05078125,47751.3984375,47751.3984375,0
2023-12-15 09:15:00,47939.8984375,47983.6015625,47764.44921875,47764.44921875,47764.44921875,0
2023-12-15 09:30:00,47764.3515625,47817.1484375,47698.0,47719.8984375,47719.8984375,0
2023-12-15 09:45:00,47719.19921875,47767.55078125,47667.80078125,47765.30078125,47765.30078125,0
2023-12-15 10:00:00,47760.69921875,47816.75,47755.1015625,47797.80078125,47797.80078125,0
2023-12-15 10:15:00,47800.55078125,47820.3515625,47779.19921875,47809.0,47809.0,0
2023-12-15 10:30:00,47811.94921875,47842.94921875,47766.6484375,47770.6015625,47770.6015625,0
2023-12-15 10:45:00,47773.8515625,47776.75,47633.6015625,47745.5,47745.5,0
2023-12-15 11:00:00,47746.80078125,47756.30078125,47686.1015625,47698.8984375,47698.8984375,0
2023-12-15 11:15:00,47697.1015625,47741.94921875,47694.3984375,47706.8515625,47706.8515625,0
2023-12-15 11:30:00,47706.19921875,47772.19921875,47703.30078125,47725.94921875,47725.94921875,0
2023-12-15 11:45:00,47721.3515625,47729.94921875,47677.55078125,47680.1484375,47680.1484375,0
2023-12-15 12:00:00,47681.19921875,47707.55078125,47659.69921875,47679.3984375,47679.3984375,0
2023-12-15 12:15:00,47680.80078125,47726.25,47664.55078125,47723.6484375,47723.6484375,0
2023-12-15 12:30:00,47723.19921875,47782.1015625,47709.05078125,47760.19921875,47760.19921875,0
2023-12-15 12:45:00,47759.94921875,47766.75,47714.1015625,47730.8984375,47730.8984375,0
2023-12-15 13:00:00,47733.80078125,47747.6015625,47702.5,47735.69921875,47735.69921875,0
2023-12-15 13:15:00,47734.69921875,47792.8515625,47732.25,47758.6484375,47758.6484375,0
2023-12-15 13:30:00,47750.0,47836.3984375,47741.05078125,47827.3984375,47827.3984375,0
2023-12-15 13:45:00,47826.05078125,47914.25,47819.19921875,47908.8984375,47908.8984375,0
2023-12-15 14:00:00,47911.55078125,47968.0,47893.6484375,47907.8515625,47907.8515625,0
2023-12-15 14:15:00,47909.3984375,47967.3984375,47895.69921875,47936.80078125,47936.80078125,0
2023-12-15 14:30:00,47936.1015625,47991.75,47925.8515625,47968.3984375,47968.3984375,0
2023-12-15 14:45:00,47965.44921875,48084.05078125,47949.3984375,48074.19921875,48074.19921875,0
2023-12-15 15:00:00,48073.44921875,48207.69921875,48040.80078125,48139.05078125,48139.05078125,0
2023-12-15 15:15:00,48148.05078125,48171.8984375,48071.6484375,48071.6484375,48071.6484375,0
2023-12-18 09:15:00,47910.94921875,47985.5,47812.0,47985.5,47985.5,0
2023-12-18 09:30:00,47985.0,47989.5,47860.44921875,47931.44921875,47931.44921875,0
2023-12-18 09:45:00,47933.80078125,47942.44921875,47856.1015625,47906.1484375,47906.1484375,0
2023-12-18 10:00:00,47902.0,47934.5,47852.55078125,47915.44921875,47915.44921875,0
2023-12-18 10:15:00,47915.69921875,48071.1484375,47900.8515625,48057.19921875,48057.19921875,0
2023-12-18 10:30:00,48063.05078125,48073.3984375,47916.05078125,47950.94921875,47950.94921875,0
2023-12-18 10:45:00,47953.25,48008.0,47938.80078125,47989.55078125,47989.55078125,0
2023-12-18 11:00:00,47990.6484375,48022.19921875,47968.80078125,47993.5,47993.5,0
2023-12-18 11:15:00,47993.25,48013.69921875,47956.19921875,48006.1484375,48006.1484375,0
2023-12-18 11:30:00,48004.0,48021.44921875,47985.6484375,47995.6015625,47995.6015625,0
2023-12-18 11:45:00,47994.5,47998.05078125,47945.3984375,47949.44921875,47949.44921875,0
2023-12-18 12:00:00,47951.25,47989.3515625,47944.3984375,47982.05078125,47982.05078125,0
2023-12-18 12:15:00,47978.75,47996.19921875,47891.80078125,47896.94921875,47896.94921875,0
2023-12-18 12:30:00,47898.19921875,47952.8515625,47896.8984375,47945.1484375,47945.1484375,0
2023-12-18 12:45:00,47946.44921875,47959.25,47919.3515625,47919.3515625,47919.3515625,0
2023-12-18 13:00:00,47919.5,47930.1484375,47859.1015625,47870.80078125,47870.80078125,0
2023-12-18 13:15:00,47867.05078125,47962.8984375,47865.1484375,47959.8515625,47959.8515625,0
2023-12-18 13:30:00,47958.8984375,47958.8984375,47893.3515625,47896.3984375,47896.3984375,0
2023-12-18 13:45:00,47894.69921875,47930.0,47892.0,47913.80078125,47913.80078125,0
2023-12-18 14:00:00,47912.1484375,47965.25,47908.0,47945.3984375,47945.3984375,0
2023-12-18 14:15:00,47942.5,47956.0,47909.8515625,47940.5,47940.5,0
2023-12-18 14:30:00,47941.3515625,47975.75,47854.6484375,47856.30078125,47856.30078125,0
2023-12-18 14:45:00,47857.69921875,47940.55078125,47856.55078125,47866.94921875,47866.94921875,0
2023-12-18 15:00:00,47862.6484375,47919.1484375,47824.69921875,47848.1015625,47848.1015625,0
2023-12-18 15:15:00,47849.25,47887.25,47807.30078125,47862.05078125,47862.05078125,0
2023-12-19 09:15:00,47940.3984375,47941.1015625,47769.80078125,47794.44921875,47794.44921875,0
2023-12-19 09:30:00,47795.3984375,47820.80078125,47681.69921875,47691.1015625,47691.1015625,0
2023-12-19 09:45:00,47695.55078125,47739.0,47665.6015625,47715.3515625,47715.3515625,0
2023-12-19 10:00:00,47718.0,47726.05078125,47649.3515625,47677.3515625,47677.3515625,0
2023-12-19 10:15:00,47677.75,47723.8984375,47670.1015625,47695.69921875,47695.69921875,0
2023-12-19 10:30:00,47693.69921875,47815.94921875,47679.6015625,47743.44921875,47743.44921875,0
2023-12-19 10:45:00,47743.80078125,47774.05078125,47724.8515625,47732.0,47732.0,0
2023-12-19 11:00:00,47733.0,47765.75,47726.19921875,47749.6015625,47749.6015625,0
2023-12-19 11:15:00,47751.1015625,47777.05078125,47714.75,47776.1484375,47776.1484375,0
2023-12-19 11:30:00,47775.69921875,47862.5,47762.19921875,47849.94921875,47849.94921875,0
2023-12-19 11:45:00,47854.5,47942.69921875,47841.6484375,47921.69921875,47921.69921875,0
2023-12-19 12:00:00,47921.6484375,47932.44921875,47865.3515625,47884.69921875,47884.69921875,0
2023-12-19 12:15:00,47883.44921875,47947.3515625,47876.19921875,47916.3984375,47916.3984375,0
2023-12-19 12:30:00,47916.55078125,47938.19921875,47899.8515625,47927.75,47927.75,0
2023-12-19 12:45:00,47937.05078125,47971.0,47893.5,47946.25,47946.25,0
2023-12-19 13:00:00,47946.1015625,47946.1015625,47881.8984375,47894.30078125,47894.30078125,0
2023-12-19 13:15:00,47894.5,47912.25,47860.75,47880.75,47880.75,0
2023-12-19 13:30:00,47881.0,47933.05078125,47874.0,47927.75,47927.75,0
2023-12-19 13:45:00,47930.1015625,48016.3515625,47921.80078125,47995.6484375,47995.6484375,0
2023-12-19 14:00:00,47995.25,48000.44921875,47955.94921875,47979.5,47979.5,0
2023-12-19 14:15:00,47979.5,47997.19921875,47940.19921875,47993.19921875,47993.19921875,0
2023-12-19 14:30:00,47989.3515625,48006.1484375,47955.30078125,47979.1484375,47979.1484375,0
2023-12-19 14:45:00,47976.44921875,47997.55078125,47822.6015625,47837.1015625,47837.1015625,0
2023-12-19 15:00:00,47823.80078125,47931.1484375,47789.94921875,47855.05078125,47855.05078125,0
2023-12-19 15:15:00,47853.44921875,47897.80078125,47830.05078125,47848.44921875,47848.44921875,0
2023-12-20 09:15:00,48085.3515625,48151.75,48022.30078125,48117.19921875,48117.19921875,0
2023-12-20 09:30:00,48115.8515625,48163.6484375,48045.55078125,48091.1015625,48091.1015625,0
2023-12-20 09:45:00,48083.69921875,48088.69921875,48016.3515625,48042.44921875,48042.44921875,0
2023-12-20 10:00:00,48037.69921875,48060.3984375,47963.05078125,47993.30078125,47993.30078125,0
2023-12-20 10:15:00,47984.6484375,48032.19921875,47957.30078125,47969.75,47969.75,0
2023-12-20 10:30:00,47963.1484375,48034.6484375,47951.25,48027.30078125,48027.30078125,0
2023-12-20 10:45:00,48023.6484375,48039.1015625,47995.44921875,48015.6015625,48015.6015625,0
2023-12-20 11:00:00,48017.6015625,48021.1484375,47959.8984375,47959.8984375,47959.8984375,0
2023-12-20 11:15:00,47960.05078125,47980.25,47910.30078125,47940.8984375,47940.8984375,0
2023-12-20 11:30:00,47943.3515625,47955.05078125,47907.5,47921.25,47921.25,0
2023-12-20 11:45:00,47918.55078125,47944.6015625,47888.80078125,47942.3984375,47942.3984375,0
2023-12-20 12:00:00,47942.80078125,47974.3984375,47927.1484375,47944.75,47944.75,0
2023-12-20 12:15:00,47944.8515625,47959.6015625,47909.75,47937.6015625,47937.6015625,0
2023-12-20 12:30:00,47937.8984375,47989.25,47922.6015625,47985.3984375,47985.3984375,0
2023-12-20 12:45:00,47983.8515625,48008.69921875,47962.1015625,47965.19921875,47965.19921875,0
2023-12-20 13:00:00,47966.6015625,47972.8515625,47872.1015625,47887.05078125,47887.05078125,0
2023-12-20 13:15:00,47891.19921875,47908.19921875,47708.3515625,47718.44921875,47718.44921875,0
2023-12-20 13:30:00,47718.69921875,47785.69921875,47667.3515625,47749.1015625,47749.1015625,0
2023-12-20 13:45:00,47751.8515625,47773.3984375,47689.1015625,47707.8515625,47707.8515625,0
2023-12-20 14:00:00,47708.0,47732.94921875,47578.25,47586.44921875,47586.44921875,0
2023-12-20 14:15:00,47590.8515625,47670.0,47575.8515625,47640.3984375,47640.3984375,0
2023-12-20 14:30:00,47636.3984375,47654.1015625,47478.8984375,47504.0,47504.0,0
2023-12-20 14:45:00,47503.25,47597.55078125,47423.55078125,47568.6015625,47568.6015625,0
2023-12-20 15:00:00,47567.3984375,47567.3984375,47405.0,47405.0,47405.0,0
2023-12-20 15:15:00,47407.69921875,47459.25,47211.3515625,47216.5,47216.5,0
2023-12-21 09:15:00,47172.44921875,47243.19921875,46951.05078125,47053.8984375,47053.8984375,0
2023-12-21 09:30:00,47051.0,47171.19921875,46926.3515625,47116.6484375,47116.6484375,0
2023-12-21 09:45:00,47114.5,47171.6015625,47029.1015625,47082.30078125,47082.30078125,0
2023-12-21 10:00:00,47081.44921875,47272.8984375,47063.30078125,47231.19921875,47231.19921875,0
2023-12-21 10:15:00,47230.6015625,47318.94921875,47197.6484375,47215.30078125,47215.30078125,0
2023-12-21 10:30:00,47207.75,47288.30078125,47138.6484375,47286.5,47286.5,0
2023-12-21 10:45:00,47287.0,47344.69921875,47259.1484375,47332.69921875,47332.69921875,0
2023-12-21 11:00:00,47335.3984375,47492.1484375,47334.8515625,47380.69921875,47380.69921875,0
2023-12-21 11:15:00,47384.1015625,47389.3515625,47289.30078125,47321.1015625,47321.1015625,0
2023-12-21 11:30:00,47322.69921875,47381.19921875,47316.1015625,47348.44921875,47348.44921875,0
2023-12-21 11:45:00,47351.19921875,47398.1484375,47314.69921875,47350.44921875,47350.44921875,0
2023-12-21 12:00:00,47347.3515625,47434.1484375,47343.69921875,47352.19921875,47352.19921875,0
2023-12-21 12:15:00,47353.6015625,47453.44921875,47341.05078125,47447.5,47447.5,0
2023-12-21 12:30:00,47454.44921875,47603.6484375,47415.55078125,47590.69921875,47590.69921875,0
2023-12-21 12:45:00,47595.55078125,47621.19921875,47527.05078125,47533.3515625,47533.3515625,0
2023-12-21 13:00:00,47538.8984375,47569.05078125,47447.94921875,47564.75,47564.75,0
2023-12-21 13:15:00,47553.3984375,47558.3984375,47491.8515625,47542.75,47542.75,0
2023-12-21 13:30:00,47546.69921875,47591.75,47403.6015625,47464.30078125,47464.30078125,0
2023-12-21 13:45:00,47465.0,47517.6484375,47386.6015625,47438.1484375,47438.1484375,0
2023-12-21 14:00:00,47442.55078125,47469.55078125,47331.55078125,47467.30078125,47467.30078125,0
2023-12-21 14:15:00,47465.8515625,47568.5,47416.5,47562.19921875,47562.19921875,0
2023-12-21 14:30:00,47562.0,47843.0,47535.69921875,47784.25,47784.25,0
2023-12-21 14:45:00,47782.19921875,47929.75,47777.6484375,47808.19921875,47808.19921875,0
2023-12-21 15:00:00,47801.6484375,47923.30078125,47763.69921875,47913.8515625,47913.8515625,0
2023-12-21 15:15:00,47915.8515625,47917.1484375,47787.5,47852.69921875,47852.69921875,0
2023-12-22 09:15:00,47837.75,47863.44921875,47708.8515625,47726.3984375,47726.3984375,0
2023-12-22 09:30:00,47726.0,47801.75,47688.1015625,47750.6484375,47750.6484375,0
2023-12-22 09:45:00,47753.05078125,47881.0,47742.8515625,47863.3984375,47863.3984375,0
2023-12-22 10:00:00,47870.55078125,47949.3515625,47850.69921875,47931.5,47931.5,0
2023-12-22 10:15:00,47931.94921875,47941.3984375,47841.75,47939.1484375,47939.1484375,0
2023-12-22 10:30:00,47939.69921875,47947.69921875,47885.1015625,47891.25,47891.25,0
2023-12-22 10:45:00,47895.44921875,48042.1484375,47881.1015625,48042.1484375,48042.1484375,0
2023-12-22 11:00:00,48041.3984375,48069.8984375,47960.3984375,47980.05078125,47980.05078125,0
2023-12-22 11:15:00,47983.44921875,48011.80078125,47939.69921875,47967.5,47967.5,0
2023-12-22 11:30:00,47965.3984375,47973.69921875,47884.30078125,47923.30078125,47923.30078125,0
2023-12-22 11:45:00,47917.05078125,47925.19921875,47871.80078125,47906.6484375,47906.6484375,0
2023-12-22 12:00:00,47907.44921875,47959.6484375,47900.80078125,47923.6484375,47923.6484375,0
2023-12-22 12:15:00,47922.3515625,47938.05078125,47834.44921875,47865.94921875,47865.94921875,0
2023-12-22 12:30:00,47867.6484375,47867.6484375,47688.19921875,47781.1484375,47781.1484375,0
2023-12-22 12:45:00,47781.80078125,47896.3515625,47769.1484375,47845.1484375,47845.1484375,0
2023-12-22 13:00:00,47845.25,47887.80078125,47775.3984375,47785.55078125,47785.55078125,0
2023-12-22 13:15:00,47782.94921875,47826.94921875,47738.8515625,47767.5,47767.5,0
2023-12-22 13:30:00,47767.6015625,47771.5,47520.6484375,47545.30078125,47545.30078125,0
2023-12-22 13:45:00,47544.75,47586.55078125,47421.94921875,47502.80078125,47502.80078125,0
2023-12-22 14:00:00,47504.0,47659.5,47490.3984375,47611.5,47611.5,0
2023-12-22 14:15:00,47612.19921875,47668.05078125,47561.19921875,47598.1484375,47598.1484375,0
2023-12-22 14:30:00,47593.3984375,47714.69921875,47525.80078125,47713.8984375,47713.8984375,0
2023-12-22 14:45:00,47708.05078125,47743.30078125,47613.44921875,47656.44921875,47656.44921875,0
2023-12-22 15:00:00,47657.3515625,47669.69921875,47439.30078125,47490.05078125,47490.05078125,0
2023-12-22 15:15:00,47489.19921875,47522.3984375,47415.94921875,47458.75,47458.75,0
2023-12-26 09:15:00,47576.3984375,47617.80078125,47475.3984375,47476.94921875,47476.94921875,0
2023-12-26 09:30:00,47476.0,47537.25,47447.1484375,47493.8515625,47493.8515625,0
2023-12-26 09:45:00,47492.25,47551.75,47411.6484375,47549.25,47549.25,0
2023-12-26 10:00:00,47556.6484375,47573.25,47475.80078125,47507.94921875,47507.94921875,0
2023-12-26 10:15:00,47505.44921875,47694.6484375,47504.19921875,47669.6484375,47669.6484375,0
2023-12-26 10:30:00,47669.30078125,47742.80078125,47634.3984375,47718.19921875,47718.19921875,0
2023-12-26 10:45:00,47720.5,47759.19921875,47692.30078125,47727.75,47727.75,0
2023-12-26 11:00:00,47729.1484375,47736.19921875,47671.69921875,47688.75,47688.75,0
2023-12-26 11:15:00,47690.19921875,47700.6484375,47650.1484375,47688.8984375,47688.8984375,0
2023-12-26 11:30:00,47687.6484375,47735.5,47676.94921875,47725.25,47725.25,0
2023-12-26 11:45:00,47725.69921875,47732.80078125,47677.80078125,47719.44921875,47719.44921875,0
2023-12-26 12:00:00,47718.94921875,47740.25,47693.55078125,47698.55078125,47698.55078125,0
2023-12-26 12:15:00,47697.5,47819.05078125,47689.1484375,47750.94921875,47750.94921875,0
2023-12-26 12:30:00,47751.19921875,47790.05078125,47737.69921875,47744.19921875,47744.19921875,0
2023-12-26 12:45:00,47741.6484375,47750.94921875,47686.5,47735.75,47735.75,0
2023-12-26 13:00:00,47735.05078125,47752.3515625,47636.8984375,47700.55078125,47700.55078125,0
2023-12-26 13:15:00,47702.1484375,47730.55078125,47669.5,47730.55078125,47730.55078125,0
2023-12-26 13:30:00,47726.3984375,47768.25,47706.3984375,47766.94921875,47766.94921875,0
2023-12-26 13:45:00,47765.3515625,47770.5,47724.19921875,47752.3515625,47752.3515625,0
2023-12-26 14:00:00,47751.1015625,47764.44921875,47685.6484375,47717.75,47717.75,0
2023-12-26 14:15:00,47717.55078125,47835.25,47707.3515625,47783.69921875,47783.69921875,0
2023-12-26 14:30:00,47777.80078125,47790.1484375,47722.3515625,47745.44921875,47745.44921875,0
2023-12-26 14:45:00,47744.1015625,47769.8984375,47691.3984375,47719.1484375,47719.1484375,0
2023-12-26 15:00:00,47719.6015625,47746.6484375,47683.3515625,47711.25,47711.25,0
2023-12-26 15:15:00,47713.8515625,47785.8984375,47708.3515625,47762.5,47762.5,0
2023-12-27 09:15:00,47818.5,47892.05078125,47807.80078125,47876.1015625,47876.1015625,0
2023-12-27 09:30:00,47880.25,47951.44921875,47826.0,47951.44921875,47951.44921875,0
2023-12-27 09:45:00,47948.8984375,47992.05078125,47929.0,47982.1484375,47982.1484375,0
2023-12-27 10:00:00,47982.30078125,48026.6015625,47932.5,47987.8515625,47987.8515625,0
2023-12-27 10:15:00,47986.69921875,48057.8515625,47972.8984375,48055.80078125,48055.80078125,0
2023-12-27 10:30:00,48055.30078125,48080.05078125,48034.0,48050.94921875,48050.94921875,0
2023-12-27 10:45:00,48054.0,48091.05078125,48029.55078125,48048.6015625,48048.6015625,0
2023-12-27 11:00:00,48047.8515625,48066.69921875,48023.1484375,48055.1484375,48055.1484375,0
2023-12-27 11:15:00,48050.8515625,48094.25,48043.1484375,48088.30078125,48088.30078125,0
2023-12-27 11:30:00,48087.25,48110.05078125,48059.94921875,48064.05078125,48064.05078125,0
2023-12-27 11:45:00,48064.94921875,48169.44921875,48045.19921875,48166.1484375,48166.1484375,0
2023-12-27 12:00:00,48165.44921875,48244.05078125,48163.30078125,48187.6484375,48187.6484375,0
2023-12-27 12:15:00,48187.3984375,48190.6484375,48040.05078125,48044.1015625,48044.1015625,0
2023-12-27 12:30:00,48049.44921875,48090.05078125,47985.44921875,48026.75,48026.75,0
2023-12-27 12:45:00,48024.8984375,48087.1015625,48014.3984375,48063.3515625,48063.3515625,0
2023-12-27 13:00:00,48062.8984375,48063.0,47944.44921875,47959.80078125,47959.80078125,0
2023-12-27 13:15:00,47950.3984375,48010.3515625,47918.1484375,47972.3515625,47972.3515625,0
2023-12-27 13:30:00,47969.44921875,47992.3984375,47884.55078125,47952.0,47952.0,0
2023-12-27 13:45:00,47955.1015625,48010.55078125,47923.55078125,47976.3515625,47976.3515625,0
2023-12-27 14:00:00,47980.1015625,48044.3515625,47974.5,48040.80078125,48040.80078125,0
2023-12-27 14:15:00,48040.0,48070.1015625,47971.30078125,48022.3515625,48022.3515625,0
2023-12-27 14:30:00,48021.25,48139.69921875,47980.6484375,48136.0,48136.0,0
2023-12-27 14:45:00,48132.0,48168.6484375,48114.5,48127.80078125,48127.80078125,0
2023-12-27 15:00:00,48128.55078125,48346.3515625,48125.69921875,48313.30078125,48313.30078125,0
2023-12-27 15:15:00,48312.8515625,48325.44921875,48258.94921875,48280.55078125,48280.55078125,0
2023-12-28 09:15:00,48479.05078125,48589.44921875,48417.44921875,48524.44921875,48524.44921875,0
2023-12-28 09:30:00,48523.94921875,48550.6015625,48431.44921875,48548.69921875,48548.69921875,0
2023-12-28 09:45:00,48556.80078125,48631.0,48501.05078125,48523.80078125,48523.80078125,0
2023-12-28 10:00:00,48523.80078125,48532.5,48343.1484375,48407.8515625,48407.8515625,0
2023-12-28 10:15:00,48409.1015625,48465.1484375,48389.6015625,48423.8984375,48423.8984375,0
2023-12-28 10:30:00,48425.19921875,48444.30078125,48370.80078125,48414.1015625,48414.1015625,0
2023-12-28 10:45:00,48416.55078125,48475.30078125,48374.30078125,48410.3984375,48410.3984375,0
2023-12-28 11:00:00,48407.1015625,48544.1484375,48394.8984375,48499.69921875,48499.69921875,0
2023-12-28 11:15:00,48500.30078125,48519.6484375,48468.0,48490.44921875,48490.44921875,0
2023-12-28 11:30:00,48489.1484375,48521.80078125,48476.80078125,48493.6484375,48493.6484375,0
2023-12-28 11:45:00,48493.25,48518.19921875,48452.75,48499.3984375,48499.3984375,0
2023-12-28 12:00:00,48494.6015625,48543.0,48465.69921875,48474.94921875,48474.94921875,0
2023-12-28 12:15:00,48478.0,48557.05078125,48462.25,48537.19921875,48537.19921875,0
2023-12-28 12:30:00,48526.94921875,48552.6484375,48518.30078125,48537.55078125,48537.55078125,0
2023-12-28 12:45:00,48538.1015625,48583.19921875,48511.3984375,48527.94921875,48527.94921875,0
2023-12-28 13:00:00,48534.75,48614.05078125,48519.75,48585.80078125,48585.80078125,0
2023-12-28 13:15:00,48589.8515625,48599.6484375,48508.5,48560.8515625,48560.8515625,0
2023-12-28 13:30:00,48559.1015625,48564.94921875,48513.3515625,48542.25,48542.25,0
2023-12-28 13:45:00,48542.6015625,48544.0,48477.75,48502.55078125,48502.55078125,0
2023-12-28 14:00:00,48502.30078125,48584.55078125,48492.6484375,48492.6484375,48492.6484375,0
2023-12-28 14:15:00,48482.75,48533.1484375,48464.8515625,48500.19921875,48500.19921875,0
2023-12-28 14:30:00,48499.5,48519.94921875,48446.30078125,48478.25,48478.25,0
2023-12-28 14:45:00,48473.6484375,48527.30078125,48419.5,48514.3984375,48514.3984375,0
2023-12-28 15:00:00,48514.05078125,48555.44921875,48451.30078125,48548.55078125,48548.55078125,0
2023-12-28 15:15:00,48547.3984375,48566.1484375,48455.6484375,48484.19921875,48484.19921875,0
2023-12-29 09:15:00,48374.8515625,48416.05078125,48290.1484375,48350.0,48350.0,0
2023-12-29 09:30:00,48350.3515625,48354.8515625,48264.05078125,48289.6015625,48289.6015625,0
2023-12-29 09:45:00,48289.0,48366.30078125,48285.44921875,48296.6484375,48296.6484375,0
2023-12-29 10:00:00,48295.0,48339.0,48220.75,48228.8515625,48228.8515625,0
2023-12-29 10:15:00,48236.69921875,48291.19921875,48207.1484375,48215.6015625,48215.6015625,0
2023-12-29 10:30:00,48212.6484375,48249.3984375,48198.75,48230.1015625,48230.1015625,0
2023-12-29 10:45:00,48229.5,48254.25,48177.69921875,48191.94921875,48191.94921875,0
2023-12-29 11:00:00,48193.8984375,48233.3515625,48181.1484375,48215.1015625,48215.1015625,0
2023-12-29 11:15:00,48207.30078125,48280.8984375,48207.30078125,48235.69921875,48235.69921875,0
2023-12-29 11:30:00,48236.0,48273.3515625,48228.8984375,48239.8984375,48239.8984375,0
2023-12-29 11:45:00,48236.69921875,48325.19921875,48221.19921875,48302.6015625,48302.6015625,0
2023-12-29 12:00:00,48298.80078125,48309.69921875,48263.1484375,48277.30078125,48277.30078125,0
2023-12-29 12:15:00,48273.30078125,48310.1015625,48248.75,48250.05078125,48250.05078125,0
2023-12-29 12:30:00,48243.3984375,48258.5,48209.0,48218.75,48218.75,0
2023-12-29 12:45:00,48217.80078125,48237.6484375,48191.69921875,48211.1015625,48211.1015625,0
2023-12-29 13:00:00,48200.3984375,48254.8984375,48166.25,48249.8984375,48249.8984375,0
2023-12-29 13:15:00,48246.3984375,48260.5,48182.69921875,48182.69921875,48182.69921875,0
2023-12-29 13:30:00,48181.3515625,48204.6015625,48116.55078125,48170.94921875,48170.94921875,0
2023-12-29 13:45:00,48167.69921875,48191.3515625,48156.8984375,48177.8984375,48177.8984375,0
2023-12-29 14:00:00,48177.69921875,48207.8984375,48097.1484375,48108.80078125,48108.80078125,0
2023-12-29 14:15:00,48110.5,48153.19921875,48093.05078125,48139.1484375,48139.1484375,0
2023-12-29 14:30:00,48136.19921875,48231.5,48132.8984375,48194.1484375,48194.1484375,0
2023-12-29 14:45:00,48193.8984375,48320.05078125,48189.75,48311.3515625,48311.3515625,0
2023-12-29 15:00:00,48309.1015625,48385.5,48244.05078125,48258.8515625,48258.8515625,0
2023-12-29 15:15:00,48255.19921875,48306.8984375,48223.8515625,48268.8984375,48268.8984375,0
2024-01-01 09:15:00,48203.44921875,48274.1484375,48135.8984375,48184.25,48184.25,0
2024-01-01 09:30:00,48183.44921875,48262.8984375,48166.80078125,48207.55078125,48207.55078125,0
2024-01-01 09:45:00,48208.6015625,48315.0,48184.8515625,48292.25,48292.25,0
2024-01-01 10:00:00,48293.3515625,48309.19921875,48235.55078125,48250.5,48250.5,0
2024-01-01 10:15:00,48249.0,48264.25,48220.05078125,48264.25,48264.25,0
2024-01-01 10:30:00,48263.6015625,48336.19921875,48247.6484375,48319.8515625,48319.8515625,0
2024-01-01 10:45:00,48330.05078125,48343.1015625,48307.19921875,48319.0,48319.0,0
2024-01-01 11:00:00,48322.25,48367.1484375,48302.44921875,48332.5,48332.5,0
2024-01-01 11:15:00,48329.19921875,48337.25,48300.19921875,48333.69921875,48333.69921875,0
2024-01-01 11:30:00,48335.3984375,48339.6484375,48288.0,48308.19921875,48308.19921875,0
2024-01-01 11:45:00,48307.19921875,48338.5,48303.8515625,48324.3984375,48324.3984375,0
2024-01-01 12:00:00,48325.8984375,48361.1484375,48287.55078125,48354.80078125,48354.80078125,0
2024-01-01 12:15:00,48350.94921875,48362.19921875,48286.80078125,48295.80078125,48295.80078125,0
2024-01-01 12:30:00,48300.44921875,48321.80078125,48275.30078125,48311.44921875,48311.44921875,0
2024-01-01 12:45:00,48315.8515625,48327.94921875,48297.5,48312.75,48312.75,0
2024-01-01 13:00:00,48311.8515625,48334.25,48294.3984375,48307.69921875,48307.69921875,0
2024-01-01 13:15:00,48311.19921875,48316.25,48283.5,48308.55078125,48308.55078125,0
2024-01-01 13:30:00,48307.55078125,48334.8984375,48296.8515625,48296.8515625,48296.8515625,0
2024-01-01 13:45:00,48306.8984375,48336.75,48292.6015625,48333.69921875,48333.69921875,0
2024-01-01 14:00:00,48330.05078125,48369.8984375,48313.30078125,48357.0,48357.0,0
2024-01-01 14:15:00,48352.6015625,48438.8515625,48344.55078125,48416.5,48416.5,0
2024-01-01 14:30:00,48410.19921875,48449.69921875,48372.8984375,48437.25,48437.25,0
2024-01-01 14:45:00,48436.1484375,48437.80078125,48395.1484375,48406.19921875,48406.19921875,0
2024-01-01 15:00:00,48404.8515625,48435.0,48164.1484375,48213.6484375,48213.6484375,0
2024-01-01 15:15:00,48217.25,48240.1015625,48047.3515625,48064.30078125,48064.30078125,0
2024-01-02 09:15:00,48194.80078125,48194.80078125,48069.3984375,48180.1484375,48180.1484375,0
2024-01-02 09:30:00,48177.3515625,48219.6015625,48128.6015625,48178.3515625,48178.3515625,0
2024-01-02 09:45:00,48178.6015625,48193.8515625,47894.44921875,47927.3515625,47927.3515625,0
2024-01-02 10:00:00,47924.55078125,48029.80078125,47900.6015625,47968.6484375,47968.6484375,0
2024-01-02 10:15:00,47967.6015625,47984.55078125,47874.1015625,47879.94921875,47879.94921875,0
2024-01-02 10:30:00,47879.94921875,47921.44921875,47818.44921875,47894.44921875,47894.44921875,0
2024-01-02 10:45:00,47893.55078125,47944.75,47867.75,47894.75,47894.75,0
2024-01-02 11:00:00,47891.80078125,47903.1015625,47850.6484375,47861.6484375,47861.6484375,0
2024-01-02 11:15:00,47859.94921875,47928.05078125,47835.44921875,47886.6484375,47886.6484375,0
2024-01-02 11:30:00,47889.30078125,47965.1015625,47830.55078125,47891.30078125,47891.30078125,0
2024-01-02 11:45:00,47889.6484375,47893.05078125,47868.19921875,47875.6484375,47875.6484375,0
2024-01-02 12:00:00,47881.75,47908.1015625,47853.5,47859.6015625,47859.6015625,0
2024-01-02 12:15:00,47865.5,47928.19921875,47855.69921875,47876.1015625,47876.1015625,0
2024-01-02 12:30:00,47875.8984375,47906.05078125,47869.0,47879.3515625,47879.3515625,0
2024-01-02 12:45:00,47879.69921875,47908.8515625,47856.44921875,47879.1015625,47879.1015625,0
2024-01-02 13:00:00,47876.44921875,47883.0,47774.1015625,47831.75,47831.75,0
2024-01-02 13:15:00,47834.05078125,47852.55078125,47810.8515625,47841.75,47841.75,0
2024-01-02 13:30:00,47843.3984375,47873.30078125,47808.1484375,47825.94921875,47825.94921875,0
2024-01-02 13:45:00,47826.75,47846.3515625,47798.19921875,47823.75,47823.75,0
2024-01-02 14:00:00,47819.25,47874.80078125,47800.55078125,47867.80078125,47867.80078125,0
2024-01-02 14:15:00,47868.1484375,47870.25,47807.44921875,47847.75,47847.75,0
2024-01-02 14:30:00,47848.19921875,47889.30078125,47832.6015625,47843.3515625,47843.3515625,0
2024-01-02 14:45:00,47841.69921875,47875.25,47823.94921875,47840.3515625,47840.3515625,0
2024-01-02 15:00:00,47834.75,47881.94921875,47690.6484375,47754.44921875,47754.44921875,0
2024-01-02 15:15:00,47757.25,47777.55078125,47697.6015625,47710.55078125,47710.55078125,0
2024-01-03 09:15:00,47796.30078125,47796.30078125,47514.8515625,47584.1015625,47584.1015625,0
2024-01-03 09:30:00,47590.25,47604.3515625,47491.55078125,47497.1015625,47497.1015625,0
2024-01-03 09:45:00,47489.3984375,47578.05078125,47482.69921875,47572.55078125,47572.55078125,0
2024-01-03 10:00:00,47574.0,47631.55078125,47515.80078125,47577.44921875,47577.44921875,0
2024-01-03 10:15:00,47576.1484375,47628.80078125,47532.8515625,47592.30078125,47592.30078125,0
2024-01-03 10:30:00,47590.1015625,47675.55078125,47586.19921875,47639.0,47639.0,0
2024-01-03 10:45:00,47637.75,47690.05078125,47607.8515625,47641.75,47641.75,0
2024-01-03 11:00:00,47640.19921875,47686.30078125,47632.3984375,47669.8515625,47669.8515625,0
2024-01-03 11:15:00,47670.8984375,47698.8515625,47641.69921875,47665.5,47665.5,0
2024-01-03 11:30:00,47665.44921875,47760.94921875,47644.8984375,47746.75,47746.75,0
2024-01-03 11:45:00,47747.30078125,47784.8515625,47722.69921875,47735.8984375,47735.8984375,0
2024-01-03 12:00:00,47736.80078125,47765.1015625,47654.25,47686.75,47686.75,0
2024-01-03 12:15:00,47689.8515625,47693.5,47555.44921875,47602.6484375,47602.6484375,0
2024-01-03 12:30:00,47603.0,47647.3515625,47593.3515625,47631.80078125,47631.80078125,0
2024-01-03 12:45:00,47632.8515625,47698.8515625,47623.3515625,47694.6015625,47694.6015625,0
2024-01-03 13:00:00,47696.05078125,47744.3515625,47674.5,47734.6484375,47734.6484375,0
2024-01-03 13:15:00,47735.55078125,47754.3515625,47706.3515625,47739.55078125,47739.55078125,0
2024-01-03 13:30:00,47738.5,47760.8984375,47715.1484375,47723.30078125,47723.30078125,0
2024-01-03 13:45:00,47726.69921875,47736.8515625,47683.8515625,47701.6484375,47701.6484375,0
2024-01-03 14:00:00,47699.80078125,47785.3515625,47699.80078125,47749.75,47749.75,0
2024-01-03 14:15:00,47748.3515625,47751.6015625,47705.0,47721.80078125,47721.80078125,0
2024-01-03 14:30:00,47725.25,47743.75,47681.3515625,47694.25,47694.25,0
2024-01-03 14:45:00,47689.3984375,47753.3984375,47681.44921875,47724.8984375,47724.8984375,0
2024-01-03 15:00:00,47732.05078125,47740.6484375,47657.1015625,47718.8984375,47718.8984375,0
2024-01-03 15:15:00,47717.3515625,47777.8984375,47676.75,47738.55078125,47738.55078125,0
2024-01-04 09:15:00,47805.3984375,47855.6484375,47763.30078125,47846.1484375,47846.1484375,0
2024-01-04 09:30:00,47845.1484375,47906.44921875,47806.3984375,47892.8515625,47892.8515625,0
2024-01-04 09:45:00,47891.80078125,47913.69921875,47840.8515625,47899.8984375,47899.8984375,0
2024-01-04 10:00:00,47897.6484375,47990.3984375,47897.6484375,47973.0,47973.0,0
2024-01-04 10:15:00,47972.55078125,48025.1484375,47941.3984375,47970.5,47970.5,0
2024-01-04 10:30:00,47969.8515625,47997.3984375,47946.05078125,47987.3984375,47987.3984375,0
2024-01-04 10:45:00,47987.3984375,47993.94921875,47942.19921875,47967.69921875,47967.69921875,0
2024-01-04 11:00:00,47967.80078125,48113.1015625,47962.3515625,48102.1484375,48102.1484375,0
2024-01-04 11:15:00,48099.30078125,48178.55078125,48085.69921875,48119.5,48119.5,0
2024-01-04 11:30:00,48114.05078125,48123.75,48079.19921875,48099.6484375,48099.6484375,0
2024-01-04 11:45:00,48098.30078125,48134.1015625,48087.5,48113.25,48113.25,0
2024-01-04 12:00:00,48110.75,48149.0,48075.55078125,48115.44921875,48115.44921875,0
2024-01-04 12:15:00,48117.55078125,48153.6484375,48111.44921875,48151.44921875,48151.44921875,0
2024-01-04 12:30:00,48150.69921875,48157.6484375,48108.44921875,48154.05078125,48154.05078125,0
2024-01-04 12:45:00,48150.0,48175.8984375,48119.3515625,48139.44921875,48139.44921875,0
2024-01-04 13:00:00,48137.5,48219.30078125,48128.6484375,48215.0,48215.0,0
2024-01-04 13:15:00,48213.3984375,48219.8984375,48126.05078125,48132.6015625,48132.6015625,0
2024-01-04 13:30:00,48132.69921875,48156.0,48081.1484375,48116.55078125,48116.55078125,0
2024-01-04 13:45:00,48117.19921875,48176.6015625,48100.1015625,48125.1015625,48125.1015625,0
2024-01-04 14:00:00,48119.75,48122.30078125,48063.69921875,48091.75,48091.75,0
2024-01-04 14:15:00,48093.44921875,48124.44921875,48073.75,48111.19921875,48111.19921875,0
2024-01-04 14:30:00,48111.44921875,48156.94921875,48102.8984375,48140.80078125,48140.80078125,0
2024-01-04 14:45:00,48140.6015625,48151.1484375,48116.6484375,48128.69921875,48128.69921875,0
2024-01-04 15:00:00,48133.55078125,48198.30078125,48133.55078125,48180.3984375,48180.3984375,0
2024-01-04 15:15:00,48176.80078125,48281.19921875,48175.94921875,48245.80078125,48245.80078125,0
2024-01-05 09:15:00,48245.55078125,48377.8515625,48245.55078125,48287.19921875,48287.19921875,0
2024-01-05 09:30:00,48289.0,48320.6484375,48240.3515625,48275.6484375,48275.6484375,0
2024-01-05 09:45:00,48279.3515625,48330.3984375,48236.6484375,48312.8515625,48312.8515625,0
2024-01-05 10:00:00,48312.3984375,48344.69921875,48291.44921875,48295.6015625,48295.6015625,0
2024-01-05 10:15:00,48300.05078125,48309.8984375,48232.1015625,48275.8984375,48275.8984375,0
2024-01-05 10:30:00,48277.8515625,48285.80078125,48138.75,48166.6484375,48166.6484375,0
2024-01-05 10:45:00,48169.25,48171.6484375,48089.30078125,48141.55078125,48141.55078125,0
2024-01-05 11:00:00,48143.1484375,48159.69921875,48104.25,48131.44921875,48131.44921875,0
2024-01-05 11:15:00,48132.3515625,48142.1484375,48033.5,48099.8515625,48099.8515625,0
2024-01-05 11:30:00,48097.6484375,48125.5,48063.25,48083.05078125,48083.05078125,0
2024-01-05 11:45:00,48072.25,48107.55078125,48034.0,48100.44921875,48100.44921875,0
2024-01-05 12:00:00,48098.75,48133.6015625,48086.3515625,48092.19921875,48092.19921875,0
2024-01-05 12:15:00,48094.55078125,48151.44921875,48085.0,48136.44921875,48136.44921875,0
2024-01-05 12:30:00,48137.0,48139.55078125,48074.05078125,48086.6015625,48086.6015625,0
2024-01-05 12:45:00,48090.8984375,48113.80078125,48058.1484375,48058.1484375,48058.1484375,0
2024-01-05 13:00:00,48057.80078125,48094.80078125,48047.5,48085.75,48085.75,0
2024-01-05 13:15:00,48086.75,48103.44921875,48061.1015625,48078.25,48078.25,0
2024-01-05 13:30:00,48076.0,48081.75,47971.6484375,48022.69921875,48022.69921875,0
2024-01-05 13:45:00,48023.0,48053.25,48011.1484375,48046.1484375,48046.1484375,0
2024-01-05 14:00:00,48047.94921875,48051.55078125,47893.55078125,47905.0,47905.0,0
2024-01-05 14:15:00,47910.3984375,47915.1015625,47828.1015625,47891.5,47891.5,0
2024-01-05 14:30:00,47890.19921875,47984.5,47874.80078125,47978.3515625,47978.3515625,0
2024-01-05 14:45:00,47976.0,48196.8515625,47967.19921875,48164.6015625,48164.6015625,0
2024-01-05 15:00:00,48161.6484375,48264.1015625,48127.1015625,48167.6015625,48167.6015625,0
2024-01-05 15:15:00,48167.55078125,48168.69921875,48043.05078125,48089.1484375,48089.1484375,0
2024-01-08 09:15:00,48096.6484375,48150.25,48018.6015625,48042.94921875,48042.94921875,0
2024-01-08 09:30:00,48036.94921875,48061.0,47957.19921875,47994.75,47994.75,0
2024-01-08 09:45:00,47993.5,47995.55078125,47937.5,47960.05078125,47960.05078125,0
2024-01-08 10:00:00,47960.8984375,48010.69921875,47947.30078125,47985.94921875,47985.94921875,0
2024-01-08 10:15:00,47985.8515625,48000.5,47926.44921875,47987.3515625,47987.3515625,0
2024-01-08 10:30:00,47989.19921875,48082.1015625,47985.19921875,48019.1484375,48019.1484375,0
2024-01-08 10:45:00,48017.94921875,48037.30078125,47906.19921875,47919.5,47919.5,0
2024-01-08 11:00:00,47920.6015625,47937.8515625,47829.19921875,47874.5,47874.5,0
2024-01-08 11:15:00,47875.3984375,47911.80078125,47853.3515625,47891.1015625,47891.1015625,0
2024-01-08 11:30:00,47892.3515625,47899.19921875,47855.75,47880.75,47880.75,0
2024-01-08 11:45:00,47878.6015625,47886.6484375,47736.44921875,47743.6484375,47743.6484375,0
2024-01-08 12:00:00,47745.3515625,47776.80078125,47725.94921875,47751.75,47751.75,0
2024-01-08 12:15:00,47754.3515625,47805.1484375,47746.55078125,47771.75,47771.75,0
2024-01-08 12:30:00,47774.8984375,47842.44921875,47762.30078125,47823.3515625,47823.3515625,0
2024-01-08 12:45:00,47825.44921875,47829.0,47734.25,47747.19921875,47747.19921875,0
2024-01-08 13:00:00,47744.6484375,47786.94921875,47732.75,47758.0,47758.0,0
2024-01-08 13:15:00,47757.30078125,47796.1015625,47720.75,47777.69921875,47777.69921875,0
2024-01-08 13:30:00,47775.8984375,47831.1015625,47737.8515625,47750.05078125,47750.05078125,0
2024-01-08 13:45:00,47750.5,47802.05078125,47731.69921875,47800.30078125,47800.30078125,0
2024-01-08 14:00:00,47797.1484375,47829.0,47731.80078125,47768.69921875,47768.69921875,0
2024-01-08 14:15:00,47768.6484375,47784.1484375,47540.25,47554.25,47554.25,0
2024-01-08 14:30:00,47557.30078125,47576.19921875,47393.6015625,47452.0,47452.0,0
2024-01-08 14:45:00,47445.6015625,47520.8984375,47420.05078125,47429.69921875,47429.69921875,0
2024-01-08 15:00:00,47428.75,47498.75,47393.3984375,47454.44921875,47454.44921875,0
2024-01-08 15:15:00,47456.0,47495.1484375,47403.19921875,47464.0,47464.0,0
2024-01-09 09:15:00,47705.3984375,47797.1015625,47647.75,47772.80078125,47772.80078125,0
2024-01-09 09:30:00,47772.1015625,47779.05078125,47609.5,47609.5,47609.5,0
2024-01-09 09:45:00,47605.05078125,47684.6015625,47592.55078125,47628.94921875,47628.94921875,0
2024-01-09 10:00:00,47630.3984375,47710.25,47622.5,47706.3515625,47706.3515625,0
2024-01-09 10:15:00,47710.25,47871.80078125,47703.80078125,47843.8515625,47843.8515625,0
2024-01-09 10:30:00,47840.0,47894.94921875,47815.1015625,47882.75,47882.75,0
2024-01-09 10:45:00,47882.8515625,47895.5,47848.55078125,47865.1484375,47865.1484375,0
2024-01-09 11:00:00,47864.05078125,47937.80078125,47839.3515625,47899.19921875,47899.19921875,0
2024-01-09 11:15:00,47897.3984375,47909.6484375,47809.55078125,47849.80078125,47849.80078125,0
2024-01-09 11:30:00,47853.25,47869.94921875,47830.55078125,47843.75,47843.75,0
2024-01-09 11:45:00,47845.8515625,47875.55078125,47814.19921875,47832.6484375,47832.6484375,0
2024-01-09 12:00:00,47834.8515625,47851.1015625,47760.75,47780.80078125,47780.80078125,0
2024-01-09 12:15:00,47783.0,47844.8984375,47780.5,47831.25,47831.25,0
2024-01-09 12:30:00,47831.44921875,47877.05078125,47796.80078125,47819.75,47819.75,0
2024-01-09 12:45:00,47822.19921875,47851.1484375,47813.3984375,47827.94921875,47827.94921875,0
2024-01-09 13:00:00,47826.69921875,47849.3984375,47809.6015625,47837.25,47837.25,0
2024-01-09 13:15:00,47838.75,47874.25,47817.1015625,47851.6484375,47851.6484375,0
2024-01-09 13:30:00,47852.5,47854.80078125,47806.80078125,47820.6484375,47820.6484375,0
2024-01-09 13:45:00,47822.5,47831.6015625,47773.8515625,47790.80078125,47790.80078125,0
2024-01-09 14:00:00,47790.6484375,47819.80078125,47655.80078125,47674.80078125,47674.80078125,0
2024-01-09 14:15:00,47677.0,47689.80078125,47275.5,47311.25,47311.25,0
2024-01-09 14:30:00,47319.6015625,47455.0,47223.8984375,47246.6015625,47246.6015625,0
2024-01-09 14:45:00,47249.3515625,47333.25,47207.1484375,47294.19921875,47294.19921875,0
2024-01-09 15:00:00,47290.19921875,47313.05078125,47218.19921875,47269.94921875,47269.94921875,0
2024-01-09 15:15:00,47272.75,47280.8984375,47159.1015625,47230.94921875,47230.94921875,0
2024-01-10 09:15:00,47073.8515625,47153.05078125,47026.80078125,47030.1484375,47030.1484375,0
2024-01-10 09:30:00,47024.8515625,47292.69921875,47012.55078125,47290.44921875,47290.44921875,0
2024-01-10 09:45:00,47290.80078125,47298.6015625,47171.0,47285.55078125,47285.55078125,0
2024-01-10 10:00:00,47284.19921875,47323.69921875,47230.55078125,47317.94921875,47317.94921875,0
2024-01-10 10:15:00,47320.1484375,47384.3515625,47248.94921875,47294.19921875,47294.19921875,0
2024-01-10 10:30:00,47298.30078125,47343.3984375,47264.30078125,47264.30078125,47264.30078125,0
2024-01-10 10:45:00,47266.30078125,47287.75,47215.94921875,47231.75,47231.75,0
2024-01-10 11:00:00,47233.05078125,47283.6015625,47218.6484375,47275.3984375,47275.3984375,0
2024-01-10 11:15:00,47275.3984375,47320.19921875,47262.44921875,47285.1484375,47285.1484375,0
2024-01-10 11:30:00,47288.55078125,47355.6015625,47256.6015625,47308.80078125,47308.80078125,0
2024-01-10 11:45:00,47313.30078125,47324.55078125,47285.25,47313.6484375,47313.6484375,0
2024-01-10 12:00:00,47313.80078125,47320.0,47223.44921875,47263.6015625,47263.6015625,0
2024-01-10 12:15:00,47262.75,47278.55078125,47227.1484375,47273.8984375,47273.8984375,0
2024-01-10 12:30:00,47275.94921875,47307.30078125,47241.0,47241.0,47241.0,0
2024-01-10 12:45:00,47242.8515625,47297.19921875,47126.8984375,47209.69921875,47209.69921875,0
2024-01-10 13:00:00,47214.55078125,47265.69921875,47193.1015625,47259.3515625,47259.3515625,0
2024-01-10 13:15:00,47258.6484375,47275.1484375,47231.69921875,47252.1015625,47252.1015625,0
2024-01-10 13:30:00,47253.80078125,47289.6484375,47207.94921875,47267.1015625,47267.1015625,0
2024-01-10 13:45:00,47266.1015625,47349.1484375,47213.75,47325.3984375,47325.3984375,0
2024-01-10 14:00:00,47326.44921875,47396.3984375,47290.25,47332.30078125,47332.30078125,0
2024-01-10 14:15:00,47336.69921875,47374.05078125,47279.94921875,47304.25,47304.25,0
2024-01-10 14:30:00,47304.3984375,47417.5,47300.44921875,47357.5,47357.5,0
2024-01-10 14:45:00,47354.6015625,47387.80078125,47326.55078125,47356.94921875,47356.94921875,0
2024-01-10 15:00:00,47358.3984375,47418.55078125,47293.1484375,47336.1484375,47336.1484375,0
2024-01-10 15:15:00,47333.1015625,47402.3984375,47328.05078125,47391.69921875,47391.69921875,0
2024-01-11 09:15:00,47538.6015625,47658.44921875,47538.6015625,47622.69921875,47622.69921875,0
2024-01-11 09:30:00,47619.94921875,47622.94921875,47459.25,47503.5,47503.5,0
2024-01-11 09:45:00,47503.1015625,47569.05078125,47488.6015625,47524.0,47524.0,0
2024-01-11 10:00:00,47523.80078125,47530.30078125,47461.6015625,47501.55078125,47501.55078125,0
2024-01-11 10:15:00,47503.3515625,47537.94921875,47476.30078125,47537.55078125,47537.55078125,0
2024-01-11 10:30:00,47534.94921875,47558.1015625,47470.1484375,47501.1015625,47501.1015625,0
2024-01-11 10:45:00,47496.80078125,47528.1015625,47413.55078125,47500.1015625,47500.1015625,0
2024-01-11 11:00:00,47499.55078125,47512.6015625,47462.25,47483.5,47483.5,0
2024-01-11 11:15:00,47489.3984375,47505.1484375,47468.3984375,47473.1015625,47473.1015625,0
2024-01-11 11:30:00,47474.3984375,47521.3515625,47457.8515625,47517.25,47517.25,0
2024-01-11 11:45:00,47516.8515625,47540.05078125,47489.0,47509.6484375,47509.6484375,0
2024-01-11 12:00:00,47510.3515625,47519.1484375,47468.8984375,47468.8984375,47468.8984375,0
2024-01-11 12:15:00,47469.5,47530.6015625,47444.3984375,47507.6015625,47507.6015625,0
2024-01-11 12:30:00,47507.8515625,47571.6484375,47493.1484375,47569.6484375,47569.6484375,0
2024-01-11 12:45:00,47569.05078125,47595.1484375,47531.19921875,47554.1484375,47554.1484375,0
2024-01-11 13:00:00,47554.3515625,47563.8515625,47504.69921875,47527.69921875,47527.69921875,0
2024-01-11 13:15:00,47528.3515625,47551.3984375,47508.44921875,47512.55078125,47512.55078125,0
2024-01-11 13:30:00,47508.94921875,47530.55078125,47480.44921875,47504.69921875,47504.69921875,0
2024-01-11 13:45:00,47502.94921875,47507.25,47458.6484375,47495.1484375,47495.1484375,0
2024-01-11 14:00:00,47492.44921875,47515.1015625,47260.8515625,47300.25,47300.25,0
2024-01-11 14:15:00,47297.6484375,47466.8984375,47240.6484375,47442.05078125,47442.05078125,0
2024-01-11 14:30:00,47439.1484375,47472.25,47379.1015625,47426.80078125,47426.80078125,0
2024-01-11 14:45:00,47427.1484375,47508.6484375,47422.25,47465.5,47465.5,0
2024-01-11 15:00:00,47463.3515625,47474.3515625,47405.8515625,47432.55078125,47432.55078125,0
2024-01-11 15:15:00,47432.6484375,47464.3984375,47421.6484375,47445.94921875,47445.94921875,0
2024-01-12 09:15:00,47572.69921875,47577.8984375,47451.30078125,47468.94921875,47468.94921875,0
2024-01-12 09:30:00,47465.80078125,47495.80078125,47409.05078125,47462.1015625,47462.1015625,0
2024-01-12 09:45:00,47466.55078125,47506.05078125,47449.19921875,47505.3515625,47505.3515625,0
2024-01-12 10:00:00,47501.6015625,47639.55078125,47488.69921875,47629.6015625,47629.6015625,0
2024-01-12 10:15:00,47628.25,47678.8515625,47606.25,47647.3984375,47647.3984375,0
2024-01-12 10:30:00,47644.3515625,47717.30078125,47616.44921875,47716.25,47716.25,0
2024-01-12 10:45:00,47715.6484375,47755.05078125,47698.6015625,47749.5,47749.5,0
2024-01-12 11:00:00,47750.8984375,47783.94921875,47691.19921875,47706.80078125,47706.80078125,0
2024-01-12 11:15:00,47707.5,47743.69921875,47699.94921875,47727.05078125,47727.05078125,0
2024-01-12 11:30:00,47725.80078125,47737.94921875,47697.69921875,47712.30078125,47712.30078125,0
2024-01-12 11:45:00,47711.3515625,47741.25,47700.44921875,47700.44921875,47700.44921875,0
2024-01-12 12:00:00,47698.6015625,47705.94921875,47615.69921875,47664.6015625,47664.6015625,0
2024-01-12 12:15:00,47662.5,47686.6484375,47629.25,47664.6484375,47664.6484375,0
2024-01-12 12:30:00,47666.3515625,47675.3984375,47626.5,47646.1015625,47646.1015625,0
2024-01-12 12:45:00,47643.19921875,47773.94921875,47643.19921875,47749.3984375,47749.3984375,0
2024-01-12 13:00:00,47748.8515625,47772.5,47712.44921875,47733.5,47733.5,0
2024-01-12 13:15:00,47732.44921875,47756.0,47712.30078125,47736.75,47736.75,0
2024-01-12 13:30:00,47736.0,47857.6015625,47727.8515625,47823.75,47823.75,0
2024-01-12 13:45:00,47822.3984375,47846.55078125,47811.80078125,47842.1484375,47842.1484375,0
2024-01-12 14:00:00,47843.30078125,47847.80078125,47758.30078125,47811.3515625,47811.3515625,0
2024-01-12 14:15:00,47811.25,47823.3515625,47763.0,47781.3515625,47781.3515625,0
2024-01-12 14:30:00,47787.75,47872.30078125,47787.75,47845.1015625,47845.1015625,0
2024-01-12 14:45:00,47841.1484375,47861.6484375,47771.75,47793.30078125,47793.30078125,0
2024-01-12 15:00:00,47786.05078125,47839.19921875,47602.80078125,47659.94921875,47659.94921875,0
2024-01-12 15:15:00,47661.3984375,47755.6015625,47657.5,47724.6484375,47724.6484375,0
